City,Lat,Lng,Max Temp,Humidity,Cloudiness,Wind Speed,Country,Date
Mataura,-46.19,168.86,55.49,76,100,4.41,NZ,1596259398
Kiryat Gat,31.61,34.76,77.0,55,0,3.0,IL,1596259398
Albany,42.6,-73.97,72.0,64,0,3.76,US,1596259344
Turmalina,-17.29,-42.73,59.86,91,93,4.27,BR,1596259399
Karratha,-20.74,116.85,83.21,17,0,10.04,AU,1596259399
Omboué,-1.57,9.26,70.99,83,38,2.19,GA,1596259400
Dingle,11.0,122.67,80.2,83,100,3.33,PH,1596259400
Am Timan,11.03,20.28,72.93,91,61,4.81,TD,1596259400
Chibuto,-24.69,33.53,56.61,91,0,1.28,MZ,1596259400
Palmer,42.16,-72.33,66.99,93,1,2.71,US,1596259401
Bredasdorp,-34.53,20.04,46.4,93,0,3.36,ZA,1596259401
New Norfolk,-42.78,147.06,64.0,66,41,4.0,AU,1596259401
Butaritari,3.07,172.79,83.48,71,71,7.74,KI,1596259401
Martapura,-3.42,114.85,87.8,62,40,5.82,ID,1596259402
San Patricio,19.22,-104.7,80.35,78,100,3.69,MX,1596259402
Bluff,-46.6,168.33,52.88,86,100,3.18,NZ,1596259402
Tezu,27.92,96.17,89.46,58,98,2.64,IN,1596259144
Arraial do Cabo,-22.97,-42.03,67.14,80,51,13.35,BR,1596259403
Atar,20.52,-13.05,87.76,49,5,3.87,MR,1596259403
Porto Velho,-8.76,-63.9,73.4,83,95,3.36,BR,1596259403
Ushuaia,-54.8,-68.3,41.0,83,75,12.75,AR,1596258771
Liverpool,53.41,-2.98,62.01,82,40,4.7,GB,1596259266
Torbay,47.67,-52.73,60.01,100,90,3.36,CA,1596259404
Yellowknife,62.46,-114.35,64.0,67,75,6.93,CA,1596259385
Koutiala,12.39,-5.46,71.08,89,100,7.43,ML,1596259404
Boa Vista,2.82,-60.67,77.0,88,75,3.36,BR,1596259405
Kudat,6.88,116.85,86.0,79,20,2.24,MY,1596259405
Labuhan,-6.88,112.21,86.79,53,42,4.7,ID,1596259405
Vaini,-21.2,-175.2,69.8,77,20,8.05,TO,1596259405
Iqaluit,63.75,-68.51,53.6,100,90,4.7,CA,1596259406
Hermanus,-34.42,19.23,46.0,97,0,4.34,ZA,1596259067
Chui,-33.7,-53.46,47.14,91,22,1.32,UY,1596259406
Ostrovnoy,68.05,39.51,53.19,83,78,14.12,RU,1596259406
Kuytun,54.34,101.5,74.95,47,7,15.19,RU,1596259407
Rikitea,-23.12,-134.97,73.56,85,100,5.03,PF,1596259065
Tuktoyaktuk,69.45,-133.04,59.0,77,20,13.87,CA,1596259407
Creston,41.06,-94.36,66.2,100,1,1.88,US,1596259407
Bull Savanna,17.89,-77.59,78.24,89,89,10.4,JM,1596259407
Puerto Ayora,-0.74,-90.35,68.0,91,69,1.01,EC,1596259408
Antsohihy,-14.88,47.99,78.31,50,0,9.69,MG,1596259408
Atuona,-9.8,-139.03,78.8,75,20,19.82,PF,1596259408
Muravlenko,63.79,74.52,63.28,67,95,15.14,RU,1596259408
Carnarvon,-24.87,113.63,68.0,64,6,14.99,AU,1596259067
Olot,42.18,2.49,71.01,77,0,4.0,ES,1596259409
Mandalī,33.75,45.55,100.94,9,0,6.15,IQ,1596259409
Port Elizabeth,-33.92,25.57,44.6,93,0,3.36,ZA,1596259409
Kapaa,22.08,-159.32,77.0,83,90,13.87,US,1596259410
Upernavik,72.79,-56.15,41.59,69,0,12.93,GL,1596259410
Kushima,31.46,131.23,87.8,79,75,11.41,JP,1596259410
Heihe,50.24,127.49,73.4,83,75,9.35,CN,1596259410
Ballina,-28.87,153.57,66.2,72,35,12.75,AU,1596259410
Saposoa,-6.93,-76.77,68.49,90,11,2.1,PE,1596259411
Portland,45.52,-122.68,73.0,64,75,5.82,US,1596258859
Avarua,-21.21,-159.78,66.2,82,30,1.12,CK,1596259411
Kharhiāl,20.28,82.77,91.35,58,100,2.04,IN,1596259146
Ribeira Grande,38.52,-28.7,70.0,63,21,2.55,PT,1596259411
Busselton,-33.65,115.33,62.01,72,93,5.01,AU,1596259412
Lebu,-37.62,-73.65,50.56,81,100,14.36,CL,1596259412
Wau,7.7,28.0,71.29,92,99,3.15,SS,1596259412
Chokurdakh,70.63,147.92,54.95,61,94,0.83,RU,1596259412
Rio Claro,-22.41,-47.56,59.18,86,44,4.99,BR,1596259413
Barrow,71.29,-156.79,35.6,80,75,5.82,US,1596259260
Tura,25.52,90.22,86.29,75,74,3.47,IN,1596259413
North Bend,43.41,-124.22,60.01,100,1,4.7,US,1596259349
São Filipe,14.9,-24.5,75.22,82,83,7.81,CV,1596259413
Umluj,25.02,37.27,88.68,68,39,14.0,SA,1596259414
Padang,-0.95,100.35,83.43,69,87,5.1,ID,1596259414
Lompoc,34.64,-120.46,59.0,87,90,6.93,US,1596259414
Cape Town,-33.93,18.42,46.4,100,0,2.24,ZA,1596259370
Harrisburg,40.27,-76.88,73.4,88,1,2.57,US,1596259188
Hilo,19.73,-155.09,73.4,83,90,9.17,US,1596259209
Kruisfontein,-34.0,24.73,46.87,86,0,3.6,ZA,1596259415
Champerico,14.3,-91.92,82.31,78,48,4.54,GT,1596259415
Ayan,56.45,138.17,54.99,88,100,5.14,RU,1596259415
Jamestown,42.1,-79.24,68.0,77,1,5.82,US,1596259416
Souillac,-20.52,57.52,73.4,73,75,10.29,MU,1596259416
Lakeland Highlands,27.96,-81.95,82.0,78,5,2.8,US,1596259416
Vengerovo,55.68,76.75,69.48,74,89,11.45,RU,1596259416
Taltal,-25.4,-70.48,56.5,69,0,1.81,CL,1596259417
Punta Arenas,-53.15,-70.92,37.4,86,98,11.41,CL,1596259417
Nakapiripirit,1.92,34.78,67.82,76,100,1.43,UG,1596259417
Grindavik,63.84,-22.43,50.0,100,90,11.41,IS,1596259417
Dikson,73.51,80.55,53.49,79,93,8.08,RU,1596259417
Talnakh,69.49,88.4,62.6,72,75,20.13,RU,1596259418
Saint George,37.1,-113.58,91.99,16,1,5.82,US,1596259418
Saint Paul Harbor,57.79,-152.41,55.4,93,75,3.36,US,1596259418
Pevek,69.7,170.31,36.86,90,96,3.69,RU,1596259418
Coquimbo,-29.95,-71.34,50.0,87,0,4.7,CL,1596259419
San Cristobal,7.77,-72.22,66.51,91,94,3.4,VE,1596259419
Longyearbyen,78.22,15.64,44.6,93,90,2.24,SJ,1596259292
Clyde River,70.47,-68.59,42.8,100,90,4.7,CA,1596259419
Yen Bai,21.7,104.87,87.66,74,61,2.93,VN,1596259132
Lokoja,7.8,6.74,72.09,95,92,2.33,NG,1596259420
Shingū,33.73,135.98,86.0,66,75,12.75,JP,1596259420
Görele,41.03,39.0,77.0,73,75,4.7,TR,1596259420
Saint Anthony,45.02,-93.22,71.01,68,1,5.48,US,1596259420
Qaanaaq,77.48,-69.36,34.09,85,1,0.78,GL,1596259420
La Ronge,55.1,-105.28,59.0,82,20,4.32,CA,1596259421
Juneau,58.3,-134.42,68.0,60,75,4.7,US,1596259288
Lishui,28.46,119.91,93.13,52,99,5.68,CN,1596259421
Telêmaco Borba,-24.32,-50.62,51.46,96,0,1.92,BR,1596259138
George Town,5.41,100.34,89.6,52,20,6.93,MY,1596259180
Mutoko,-17.4,32.23,43.74,78,0,3.65,ZW,1596259422
Grajaú,-5.82,-46.14,70.97,48,0,4.94,BR,1596259422
Lubango,-14.92,13.49,51.12,47,0,7.4,AO,1596259143
Kidal,18.44,1.41,86.47,54,0,18.48,ML,1596259423
Grootfontein,-19.57,18.12,41.76,62,0,6.58,NA,1596259423
Batagay-Alyta,67.8,130.41,69.3,30,13,5.68,RU,1596259423
Parkes,-33.13,148.18,61.0,51,0,4.16,AU,1596259423
Port Hedland,-20.32,118.57,87.8,9,0,11.41,AU,1596259424
Bengkulu,-3.8,102.27,83.8,60,100,9.01,ID,1596259424
Deputatsky,69.3,139.9,65.03,42,51,4.36,RU,1596259424
Zhezkazgan,47.8,67.71,86.0,22,45,15.66,KZ,1596259424
Provideniya,64.38,-173.3,51.67,63,11,1.86,RU,1596259424
Fortuna,40.6,-124.16,57.0,92,35,4.16,US,1596259425
Moss Vale,-34.55,150.38,69.01,37,48,8.05,AU,1596259359
Hohhot,40.81,111.65,60.8,93,40,6.71,CN,1596259425
Port Alfred,-33.59,26.89,55.26,76,0,5.21,ZA,1596259425
Huaidian,33.43,115.03,91.83,66,22,10.49,CN,1596259425
Beringovskiy,63.05,179.32,51.39,82,98,9.24,RU,1596259426
Dunedin,-45.87,170.5,51.01,84,100,5.01,NZ,1596259426
Altay,47.87,88.12,74.64,24,0,6.2,CN,1596259426
East London,-33.02,27.91,50.0,76,0,8.05,ZA,1596259426
Dunmore East,52.15,-6.99,57.0,89,74,3.0,IE,1596259427
Calatrava,10.6,123.48,84.2,79,75,4.7,PH,1596259427
Chapais,49.78,-74.85,60.8,100,1,3.15,CA,1596259427
Esperance,-33.87,121.9,59.0,62,90,5.32,AU,1596259427
Porto-Novo,6.5,2.6,77.0,88,40,6.93,BJ,1596259427
Suoyarvi,62.08,32.35,54.77,74,14,8.19,RU,1596259428
Port Moresby,-9.44,147.18,82.4,61,75,17.22,PG,1596259428
Saskylakh,71.92,114.08,72.97,37,9,5.21,RU,1596259428
Yinchuan,38.47,106.27,96.4,18,32,3.85,CN,1596259428
Diego de Almagro,-26.37,-70.05,49.91,51,0,0.67,CL,1596259428
Saint-Philippe,-21.36,55.77,72.0,88,75,16.11,RE,1596259429
Hobart,-42.88,147.33,64.0,48,40,16.11,AU,1596259232
Biak,-0.91,122.88,80.73,77,65,6.78,ID,1596259429
Mossamedes,-15.2,12.15,64.78,78,0,2.51,AO,1596259429
Santa Maria da Vitória,-13.39,-44.19,66.51,55,48,7.4,BR,1596259429
La Trinidad,16.45,120.59,69.78,93,100,3.42,PH,1596259430
Novaya Igirma,57.13,103.91,61.74,91,100,9.84,RU,1596259430
Klos,41.51,20.09,75.2,83,0,4.7,AL,1596259430
Honiara,-9.43,159.95,78.8,100,90,4.7,SB,1596259430
Golspie,57.97,-3.98,57.0,86,85,1.01,GB,1596259430
Port Said,31.26,32.28,78.8,88,40,14.99,EG,1596259431
Mompós,9.24,-74.43,77.81,91,60,3.33,CO,1596259362
Tautira,-17.73,-149.15,78.8,74,20,3.36,PF,1596259431
Vardø,70.37,31.11,50.29,90,100,13.96,NO,1596259431
Saint-Augustin,51.23,-58.65,55.33,90,100,12.62,CA,1596259431
Fort Myers Beach,26.45,-81.95,82.0,83,1,5.82,US,1596259432
Naliya,23.27,68.83,89.49,66,74,8.46,IN,1596259432
Mahébourg,-20.41,57.7,73.4,73,75,10.29,MU,1596259432
Gobabis,-22.45,18.97,44.6,42,0,4.7,NA,1596259432
Pauini,-7.71,-66.98,70.9,61,11,1.9,BR,1596259432
Khatanga,71.97,102.5,76.01,40,84,14.41,RU,1596259433
Wuchang,44.91,127.15,82.35,78,95,12.08,CN,1596259433
Sitka,57.05,-135.33,68.0,64,75,8.05,US,1596259433
Bagan,54.1,77.66,71.8,57,35,3.18,RU,1596259433
La Maná,-0.93,-79.22,46.0,94,35,1.57,EC,1596259433
Corleone,37.81,13.3,84.99,28,0,2.35,IT,1596259434
Lavrentiya,65.58,-171.0,47.77,71,27,15.66,RU,1596259434
Ereymentau,51.62,73.1,78.15,46,0,1.14,KZ,1596259434
Bethel,41.37,-73.41,68.0,93,1,4.7,US,1596259434
Avera,33.19,-82.53,78.8,88,1,4.7,US,1596259434
Amahai,-3.33,128.92,82.0,95,98,1.01,ID,1596259435
Rehoboth,-23.32,17.08,41.32,63,0,5.7,NA,1596259435
Tommot,58.96,126.29,72.32,52,77,9.64,RU,1596259435
Lüderitz,-26.65,15.16,78.8,14,0,18.34,NA,1596259435
Katsuura,35.13,140.3,88.0,74,75,17.22,JP,1596259435
Krasnystaw,50.98,23.17,60.01,93,75,9.17,PL,1596259436
Mariehamn,60.1,19.93,59.0,93,0,4.7,AX,1596259436
Tasiilaq,65.61,-37.64,41.0,75,1,5.82,GL,1596259436
Shimoda,34.67,138.95,84.2,70,20,11.41,JP,1596259436
Thompson,55.74,-97.86,55.4,100,40,3.36,CA,1596259437
Severo-Kuril'sk,50.68,156.12,55.04,82,77,13.47,RU,1596259437
Agras,40.55,-8.54,66.99,1,2,1.14,PT,1596259437
Ghugus,19.93,79.13,92.91,54,54,6.4,IN,1596259437
Castro,-24.79,-50.01,48.94,97,43,5.95,BR,1596259438
Homer,59.64,-151.55,57.2,82,90,5.82,US,1596259438
Cabo San Lucas,22.89,-109.91,82.99,64,8,3.0,MX,1596259438
Caucasia,7.99,-75.19,75.85,96,100,1.7,CO,1596259438
Carndonagh,55.25,-7.27,55.4,93,20,6.93,IE,1596259438
Tabou,4.42,-7.35,74.82,86,100,9.95,CI,1596259439
Maragogi,-9.01,-35.22,74.17,86,45,11.1,BR,1596259217
Polyarny,69.2,33.45,50.0,81,75,8.95,RU,1596259439
Umm Hājar,13.3,19.7,79.02,74,49,8.9,TD,1596259439
Lakatoro,-16.1,167.42,82.4,83,75,6.93,VU,1596259066
Berlevåg,70.86,29.09,49.66,91,100,7.72,NO,1596259440
Mbala,-8.84,31.37,55.02,83,18,14.58,ZM,1596259440
Sisimiut,66.94,-53.67,44.89,94,100,8.32,GL,1596259441
Kaitangata,-46.28,169.85,55.0,73,100,1.99,NZ,1596259441
Nanortalik,60.14,-45.24,43.03,89,14,13.6,GL,1596259441
Grandview,38.89,-94.53,66.99,88,1,3.36,US,1596259442
Anloga,5.79,0.9,75.2,94,75,4.7,GH,1596259442
Assiniboia,49.63,-105.98,64.96,59,0,8.23,CA,1596259442
Havelock,34.88,-76.9,84.2,20,20,5.82,US,1596259352
Upornaya,44.39,41.02,75.87,54,0,4.9,RU,1596259442
Khalkhāl,37.62,48.53,66.02,48,0,2.8,IR,1596259443
La Palma,33.85,-118.05,75.0,53,1,4.7,US,1596259443
Touros,-5.2,-35.46,69.8,100,20,4.7,BR,1596259443
Honningsvåg,70.98,25.97,50.9,88,93,5.21,NO,1596259443
Singaraja,-8.11,115.09,84.54,55,20,2.57,ID,1596259443
Faanui,-16.48,-151.75,78.8,77,0,12.35,PF,1596259444
Taoudenni,22.68,-3.98,94.15,13,0,12.48,ML,1596259444
Soe,-9.86,124.28,77.0,41,0,10.98,ID,1596259444
Tuntum,-5.26,-44.65,73.02,49,4,5.61,BR,1596259444
Sokoto,13.06,5.24,75.27,84,17,13.44,NG,1596259444
Hamilton,39.18,-84.53,75.99,88,90,4.7,US,1596259358
Lorengau,-2.02,147.27,84.69,73,93,6.33,PG,1596259445
Camacha,33.08,-16.33,68.0,77,20,8.05,PT,1596259445
Alofi,-19.06,-169.92,71.6,73,50,9.17,NU,1596259445
Korla,41.76,86.15,88.21,15,0,10.98,CN,1596259445
Port Macquarie,-31.43,152.92,66.99,61,0,6.55,AU,1596259446
Diffa,13.32,12.61,81.59,61,84,11.7,NE,1596259446
Hithadhoo,-0.6,73.08,83.39,71,3,7.56,MV,1596259446
Trairi,-3.28,-39.27,74.46,87,68,8.63,BR,1596259446
La Santisima Trinidad,-14.83,-64.9,68.23,58,2,2.82,BO,1596259446
Mocuba,-16.84,36.99,62.4,87,72,4.21,MZ,1596259447
Ambon City,-3.7,128.18,77.0,88,75,4.7,ID,1596259447
Arrondissement de Bergerac,44.83,0.5,64.99,93,75,4.7,FR,1596259447
Bambous Virieux,-20.34,57.76,75.99,73,75,10.29,MU,1596259447
Broome,42.25,-75.83,66.2,77,1,4.7,US,1596259067
Yar-Sale,66.83,70.83,66.15,51,97,11.63,RU,1596259448
Grand Gaube,-20.01,57.66,75.99,66,13,8.01,MU,1596259448
Dudinka,69.41,86.18,62.6,72,75,20.13,RU,1596259448
Nikolskoye,59.7,30.79,57.2,71,40,11.18,RU,1596259448
Pangnirtung,66.15,-65.71,50.02,82,98,0.58,CA,1596259449
Nome,64.5,-165.41,57.2,93,75,3.36,US,1596259449
Whitecourt,54.15,-115.69,69.8,73,40,10.29,CA,1596259449
Ahipara,-35.17,173.17,58.33,76,100,19.13,NZ,1596259449
Tweed,44.48,-77.32,68.0,94,5,3.42,CA,1596259450
Vila Franca do Campo,37.72,-25.43,66.2,77,20,3.36,PT,1596259450
Payson,40.04,-111.73,84.2,37,1,5.41,US,1596259325
Aklavik,68.22,-135.01,66.2,59,40,6.93,CA,1596259450
Hong Kong,22.29,114.16,82.0,88,75,20.8,HK,1596259345
Rakovski,42.3,24.97,84.2,69,5,6.93,BG,1596259451
Lagoa,39.05,-27.98,68.94,69,4,6.93,PT,1596259451
Yārāda,17.65,83.27,87.8,74,75,6.93,IN,1596259451
Wajima,37.4,136.9,78.8,78,75,2.24,JP,1596259451
Alyangula,-13.85,136.42,82.4,42,40,9.17,AU,1596259451
Simbahan,6.3,120.58,82.26,76,55,10.92,PH,1596259452
Lata,40.16,-8.33,64.0,90,3,3.0,PT,1596259452
Haines Junction,60.75,-137.51,68.52,53,50,1.7,CA,1596259452
Kaspiysk,42.88,47.64,80.6,57,0,20.13,RU,1596259452
Poum,-20.23,164.02,70.7,73,0,31.0,NC,1596259267
Leningradskiy,69.38,178.42,40.84,70,68,6.31,RU,1596259453
Pangody,65.85,74.49,67.19,45,92,13.04,RU,1596259453
Chokwé,-24.53,32.98,57.61,90,0,1.28,MZ,1596259453
Vestmannaeyjar,63.44,-20.27,53.2,90,100,5.91,IS,1596259453
Laas,46.62,10.7,66.99,82,5,3.36,IT,1596259453
Talcahuano,-36.72,-73.12,48.2,93,100,5.82,CL,1596259454
Ancud,-41.87,-73.82,48.99,93,90,13.87,CL,1596259454
La Rioja,-29.41,-66.85,47.01,50,0,0.72,AR,1596259454
Bathsheba,13.22,-59.52,82.4,74,40,12.75,BB,1596259454
Guerrero Negro,27.98,-114.06,72.52,73,0,7.07,MX,1596259437
Qaqortoq,60.72,-46.03,42.8,81,22,3.36,GL,1596259455
Trindade,-16.65,-49.49,66.2,63,0,12.75,BR,1596259455
Sittwe,20.15,92.9,86.85,72,77,4.92,MM,1596259455
Kirakira,-10.45,161.92,83.48,70,89,4.09,SB,1596259455
Saint-Ambroise,48.55,-71.33,63.0,93,20,1.01,CA,1596259455
General Pico,-35.66,-63.76,45.01,63,72,9.69,AR,1596259456
Alugan,12.22,125.48,79.48,85,100,5.99,PH,1596259456
Ulaangom,49.98,92.07,69.46,33,100,8.95,MN,1596259456
Ilulissat,69.22,-51.1,42.8,93,100,1.12,GL,1596259456
Ibaiti,-23.85,-50.19,52.0,99,0,1.99,BR,1596259457
Maxixe,-23.86,35.35,55.4,93,20,2.24,MZ,1596259066
Santa Cruz Cabrália,-16.28,-39.02,73.4,78,40,5.82,BR,1596259457
Novikovo,51.15,37.89,59.59,74,3,10.2,RU,1596259457
Lysyye Gory,51.55,44.84,58.91,95,100,12.08,RU,1596259457
Vostok,46.49,135.88,76.28,82,97,4.94,RU,1596259458
Nara,34.69,135.8,91.99,55,75,4.7,JP,1596259458
Estelle,29.85,-90.11,82.0,88,1,8.05,US,1596259458
Malinovoye Ozero,51.68,79.78,76.48,44,0,7.0,RU,1596259458
Gouré,13.98,10.27,78.01,79,81,8.99,NE,1596259458
Esil,51.96,66.4,83.34,32,4,1.41,KZ,1596259459
Sarāhan,31.52,77.8,72.23,61,51,6.17,IN,1596259459
Ternate,0.8,127.4,82.38,77,74,4.56,ID,1596259459
Tanout,14.97,8.89,82.72,58,84,14.29,NE,1596259459
Issoire,45.55,3.25,64.4,93,0,1.12,FR,1596259460
Pisco,-13.7,-76.22,60.8,82,90,4.7,PE,1596259460
São Francisco,-15.95,-44.86,62.91,81,0,6.02,BR,1596259460
Belaya Gora,68.53,146.42,61.5,53,76,6.31,RU,1596259460
Kondagaon,19.6,81.67,85.84,68,99,3.02,IN,1596259460
Baruun-Urt,46.68,113.28,81.1,26,20,19.62,MN,1596259461
Shitanjing,39.23,106.34,87.37,20,5,6.73,CN,1596259461
San Rafael,-34.62,-68.33,48.88,46,49,7.96,AR,1596259292
Coyhaique,-45.58,-72.07,35.6,100,90,6.93,CL,1596259462
Yulara,-25.24,130.99,75.2,8,0,5.82,AU,1596259462
Vágur,61.47,-6.81,52.3,89,20,23.13,FO,1596259462
Marzuq,14.4,46.47,79.86,51,41,7.07,YE,1596259462
Córdoba,-31.41,-64.18,50.0,59,3,3.36,AR,1596259455
Novo Aripuanã,-5.12,-60.38,72.63,57,0,0.74,BR,1596259463
Anda,46.4,125.32,91.99,49,3,16.93,CN,1596259463
Flin Flon,54.77,-101.86,60.73,70,24,6.31,CA,1596259463
Berdychiv,49.9,28.6,56.82,87,0,8.99,UA,1596259463
Kon Tum,14.35,108.0,71.91,93,100,7.81,VN,1596259463
Sobolevo,54.43,31.9,54.5,91,100,10.63,RU,1596259464
Muzhi,65.37,64.67,61.18,75,98,7.07,RU,1596259464
Stokmarknes,68.56,14.91,57.99,84,100,3.0,NO,1596259464
Nakhon Si Thammarat,8.43,99.97,87.8,74,75,13.87,TH,1596259192
Jalu,29.03,21.55,76.77,51,0,8.21,LY,1596259272
Caçu,-18.56,-51.13,72.27,44,60,4.14,BR,1596259465
Peniche,39.36,-9.38,66.99,94,8,5.99,PT,1596259465
Bela,25.93,81.98,94.68,50,62,4.92,IN,1596259465
Abbeville,50.1,1.83,64.99,78,67,8.75,FR,1596259465
De Aar,-30.65,24.01,40.39,65,0,2.86,ZA,1596259465
Bissorã,12.22,-15.45,74.21,97,70,3.96,GW,1596259465
Luganville,-15.53,167.17,80.6,83,75,3.36,VU,1596259466
Kathmandu,27.72,85.32,77.0,83,75,2.24,NP,1596259320
Price,39.6,-110.81,75.2,19,1,9.17,US,1596259466
Saint John,45.27,-66.07,62.01,100,5,4.68,CA,1596259459
Henties Bay,-22.12,14.28,73.99,21,0,18.99,NA,1596259267
Gimli,50.63,-96.99,64.99,99,1,5.01,CA,1596259467
Cherskiy,68.75,161.3,53.69,60,95,9.24,RU,1596259467
Marathon,44.9,-89.77,62.6,93,1,5.82,US,1596259467
Voinka,45.87,33.99,68.74,71,68,12.33,UA,1596259467
Bowling Green,36.99,-86.44,75.2,94,90,3.56,US,1596259467
Antofagasta,-23.65,-70.4,57.2,71,90,8.05,CL,1596259468
Whakatane,-37.96,176.99,57.99,79,98,1.99,NZ,1596259468
Constitución,-35.33,-72.42,52.29,73,100,2.46,CL,1596259468
Chifeng,42.27,118.96,95.49,25,3,8.7,CN,1596259233
Tainan City,22.99,120.21,100.99,70,75,9.17,TW,1596259252
Lethem,3.38,-59.8,75.56,84,49,4.41,GY,1596259469
Araouane,18.9,-3.53,93.51,13,0,8.68,ML,1596259469
Windhoek,-22.56,17.08,46.99,39,0,5.82,NA,1596259469
Nhulunbuy,-12.23,136.77,80.6,57,75,18.34,AU,1596259469
Byron Bay,-28.65,153.62,64.99,72,36,12.75,AU,1596259470
Businga,3.33,20.88,71.1,93,61,1.77,CD,1596259470
Dagana,16.52,-15.51,83.75,70,30,8.48,MR,1596259470
Lexington,37.99,-84.48,71.01,97,1,4.7,US,1596259350
Igrim,63.19,64.42,62.37,84,91,8.97,RU,1596259470
Tra Vinh,9.93,106.35,81.57,84,100,12.53,VN,1596259175
Codrington,-38.27,141.97,63.12,62,0,15.3,AU,1596259471
Dymer,50.79,30.3,63.0,72,12,8.95,UA,1596259471
Cidreira,-30.18,-50.21,57.33,85,42,5.19,BR,1596259471
Havøysund,71.0,24.66,53.6,93,75,9.17,NO,1596259471
Tumut,-35.3,148.22,57.18,63,81,5.14,AU,1596259472
Odienné,9.51,-7.57,71.29,96,100,4.61,CI,1596259472
Meulaboh,4.14,96.13,84.85,62,82,3.47,ID,1596259472
Awjilah,29.11,21.29,76.15,56,0,8.3,LY,1596259472
Moranbah,-22.0,148.05,71.73,46,7,18.32,AU,1596259472
Tiksi,71.69,128.87,44.35,74,41,6.62,RU,1596259473
Del Rio,29.36,-100.9,78.8,65,20,5.82,US,1596259436
Dakar,14.69,-17.44,78.8,88,20,5.82,SN,1596259344
Sept-Îles,50.2,-66.38,60.01,100,75,5.82,CA,1596259387
Locri,38.24,16.26,81.0,88,20,6.93,IT,1596259474
Chapleau,47.84,-83.4,56.07,92,0,2.48,CA,1596259474
Sørland,67.67,12.69,53.6,93,90,4.7,NO,1596259474
Fairbanks,64.84,-147.72,73.4,46,1,4.21,US,1596259474
Popondetta,-8.75,148.25,83.79,53,51,5.64,PG,1596259475
Isangel,-19.55,169.27,72.54,90,96,13.87,VU,1596259475
Shelburne,44.08,-80.2,62.01,93,1,3.53,CA,1596259475
Quatre Cocos,-20.21,57.76,75.99,73,75,10.29,MU,1596259475
Namatanai,-3.67,152.43,81.27,81,100,12.41,PG,1596259384
Jiuquan,39.74,98.52,81.64,16,0,7.9,CN,1596259476
Motygino,58.18,94.76,70.05,66,36,6.58,RU,1596259476
Petropavlovsk-Kamchatskiy,53.05,158.65,73.4,38,21,11.18,RU,1596259476
San Juan,-31.54,-68.54,47.89,46,0,2.53,AR,1596259296
Ponta do Sol,32.67,-17.1,66.0,72,0,3.44,PT,1596259477
Cabras,39.93,8.53,82.99,31,0,3.0,IT,1596259477
Afşin,38.25,36.91,69.8,43,0,2.55,TR,1596259478
Quang Ngai,15.12,108.8,77.07,93,100,4.0,VN,1596259478
Sabaudia,41.3,13.03,73.99,80,26,2.26,IT,1596259478
Oskarshamn,57.26,16.45,59.0,93,0,1.99,SE,1596259478
Zhuhai,22.28,113.57,88.0,88,40,16.11,CN,1596259478
Saint-Pierre,-21.34,55.48,72.0,88,75,16.11,RE,1596259479
Coahuayana Viejo,18.73,-103.68,80.24,75,100,2.13,MX,1596259479
Mīzan Teferī,6.98,35.58,65.21,80,100,1.86,ET,1596259479
Teya,60.38,92.63,70.86,49,95,5.03,RU,1596259479
Kahului,20.89,-156.47,80.6,54,20,16.11,US,1596259480
Kamenka,51.32,42.77,57.51,93,100,6.08,RU,1596259480
Kindu,-2.95,25.95,72.68,65,12,0.83,CD,1596259480
Tuatapere,-46.13,167.68,53.56,88,96,3.62,NZ,1596259480
Aktash,50.3,87.73,55.96,45,22,4.43,RU,1596259480
Atambua,-9.11,124.89,80.83,47,2,4.07,ID,1596259481
Andra,62.51,65.89,64.69,79,78,9.73,RU,1596259481
Vallenar,-28.57,-70.76,62.51,29,0,2.84,CL,1596259481
Hasaki,35.73,140.83,88.0,65,40,11.41,JP,1596259482
Teshie,5.58,-0.11,75.2,94,75,6.93,GH,1596259434
Pargas,60.31,22.3,61.0,72,0,3.36,FI,1596259482
Huntingdon,52.33,-0.19,62.01,81,61,3.0,GB,1596259482
Wanlaweyn,2.62,44.89,77.58,75,54,16.22,SO,1596259482
Brae,60.4,-1.35,55.4,100,100,10.29,GB,1596259483
Kavieng,-2.57,150.8,82.6,77,98,8.81,PG,1596259483
Evans,33.53,-82.13,81.0,74,1,8.05,US,1596259483
Udachny,66.42,112.4,73.4,38,0,4.47,RU,1596259484
Bétera,39.58,-0.45,79.0,83,0,5.82,ES,1596259484
Blagoyevo,63.37,47.92,52.54,93,99,7.7,RU,1596259484
Bud,39.45,-86.18,68.0,98,100,8.08,US,1596259485
Sweetwater,25.76,-80.37,87.8,66,40,11.41,US,1596259237
Mogadishu,2.04,45.34,78.8,69,75,17.22,SO,1596259485
Markova,48.68,24.41,55.4,82,1,4.47,UA,1596259485
Malatya Province,38.5,38.0,77.0,38,0,3.36,TR,1596259486
Goba,7.02,39.98,52.38,89,100,4.03,ET,1596259486
Grand-Santi,4.25,-54.38,73.2,96,91,1.77,GF,1596259487
Pulaski,34.77,-92.3,73.0,94,90,14.99,US,1596259225
Zhob,31.34,69.45,88.14,32,0,2.57,PK,1596259487
Mar del Plata,-38.0,-57.56,48.99,100,5,8.39,AR,1596259481
Babanka,48.71,30.45,60.33,77,21,11.25,UA,1596259487
Lochgilphead,56.04,-5.43,57.0,86,91,4.63,GB,1596259488
Pacocha,-17.58,-71.33,56.86,80,57,3.02,PE,1596259488
Sioux Lookout,50.1,-91.92,69.8,73,90,6.93,CA,1596259488
Kununurra,-15.77,128.73,87.8,20,0,8.05,AU,1596259489
Beitbridge,-22.22,30.0,52.9,74,0,2.37,ZW,1596259489
Huanren,41.26,125.37,72.61,92,100,3.56,CN,1596259489
Festus,38.22,-90.4,68.0,98,100,9.28,US,1596259490
Kota Tinggi,1.74,103.9,90.0,70,40,5.82,MY,1596259490
Narsaq,60.92,-46.05,42.8,81,9,3.36,GL,1596259490
Nārsingi,18.03,78.43,86.0,79,40,4.7,IN,1596259490
Oranjemund,-28.55,16.43,68.45,24,0,15.7,NA,1596259491
Tyazhinskiy,56.12,88.52,70.05,54,100,5.32,RU,1596259491
Wakkanai,45.41,141.67,71.6,78,75,14.99,JP,1596259491
Bandarbeyla,9.49,50.81,83.98,57,55,30.47,SO,1596259491
Palauig,15.44,119.9,84.24,75,100,15.41,PH,1596259492
Vilyuysk,63.76,121.62,79.05,28,0,5.19,RU,1596259492
Pochutla,15.74,-96.47,81.0,78,65,3.76,MX,1596259492
Edd,13.93,41.69,86.23,64,88,9.01,ER,1596259492
Keti Bandar,24.14,67.45,88.95,66,86,8.77,PK,1596259492
Panyutyne,48.93,36.28,61.54,67,47,10.18,UA,1596259493
Cockburn Town,21.46,-71.14,82.54,81,100,23.51,TC,1596259493
Sibolga,1.74,98.78,85.05,64,95,5.12,ID,1596259445
Faya,18.39,42.45,71.6,88,98,4.7,SA,1596259494
Kwang Binh,17.48,106.6,79.2,88,100,14.23,VN,1596259391
Curillo,1.03,-75.92,69.28,95,91,0.92,CO,1596259494
Wanaka,-44.7,169.15,49.06,78,100,5.68,NZ,1596259494
Melfi,41.0,15.65,78.01,57,20,8.05,IT,1596259495
Prado,-17.34,-39.22,70.48,83,74,12.39,BR,1596259495
Pacific Grove,36.62,-121.92,59.0,93,0,8.3,US,1596259291
Carbondale,37.73,-89.22,71.6,94,90,4.7,US,1596259383
Penzance,50.12,-5.54,62.01,100,9,11.41,GB,1596259496
Jacqueville,5.21,-4.41,77.0,94,40,8.05,CI,1596259496
Makakilo City,21.35,-158.09,80.6,57,1,6.93,US,1596259315
Mount Isa,-20.73,139.5,78.8,16,0,10.29,AU,1596259348
Patea,-39.76,174.48,53.01,86,100,3.15,NZ,1596259497
Termez,37.22,67.28,84.2,26,40,11.41,UZ,1596259438
Mana,5.66,-53.78,75.85,86,75,2.73,GF,1596259497
Kyaikkami,16.08,97.57,84.94,72,73,7.96,MM,1596259498
Nanzhou,29.36,112.4,91.99,66,32,9.22,CN,1596259498
Moose Factory,51.26,-80.61,62.6,82,1,5.82,CA,1596259498
Marrakesh,31.63,-8.01,78.8,54,40,6.93,MA,1596259246
Forsytheganj,52.63,29.73,57.02,91,39,8.25,BY,1596259499
Doctor Arroyo,23.67,-100.18,67.44,75,80,2.75,MX,1596259499
Nago,26.59,127.98,91.4,63,40,14.99,JP,1596259499
Arlit,18.74,7.39,91.45,41,24,11.27,NE,1596259499
Tolaga Bay,-38.37,178.3,55.49,81,87,10.76,NZ,1596259500
Yaan,7.38,8.57,69.89,95,70,4.92,NG,1596259500
Necochea,-38.55,-58.74,45.41,72,22,6.62,AR,1596259500
Matagami,49.75,-77.63,62.6,88,90,2.64,CA,1596259273
Dwārka,22.24,68.97,86.94,75,71,7.81,IN,1596259501
Zhigansk,66.77,123.37,70.23,41,0,12.39,RU,1596259501
Viedma,-40.81,-63.0,48.0,66,61,3.0,AR,1596259501
Husavik,66.04,-17.34,55.4,76,90,1.12,IS,1596259502
Burnie,-41.07,145.92,55.99,76,47,8.99,AU,1596259502
Ixtapa,20.7,-105.2,80.01,88,90,6.93,MX,1596259502
Hrubieszów,50.8,23.89,56.41,92,21,9.98,PL,1596259502
High Level,58.52,-117.14,71.6,68,5,6.93,CA,1596259503
Laguna,38.42,-121.42,73.0,49,1,5.82,US,1596259503
Manggar,-2.88,108.27,83.71,68,25,13.04,ID,1596259503
Bharatpur,27.22,77.48,97.56,44,41,4.09,IN,1596259504
Bonavista,48.65,-53.11,55.99,76,94,1.01,CA,1596259504
Kloulklubed,7.04,134.26,80.6,88,90,8.05,PW,1596259504
Hobyo,5.35,48.53,79.92,66,31,26.6,SO,1596259505
Asău,46.43,26.4,69.01,88,14,5.82,RO,1596259505
Kasongo-Lunda,-6.47,16.82,62.55,54,37,0.54,CD,1596259505
Anzio,41.49,12.62,75.2,88,75,3.36,IT,1596259505
Wahpeton,46.27,-96.61,66.99,93,40,2.55,US,1596259505
Zyryanka,65.75,150.85,64.24,49,37,14.25,RU,1596259506
Dayāl Bāgh,27.22,78.02,97.38,44,74,3.15,IN,1596259506
Maryville,35.76,-83.97,73.0,94,90,3.36,US,1596259321
Muisne,0.6,-80.03,73.89,91,100,10.13,EC,1596259506
Ouadda,8.08,22.4,68.2,93,79,2.15,CF,1596259506
Inhambane,-23.86,35.38,55.4,93,20,2.24,MZ,1596259507
Vanimo,-2.67,141.3,84.45,69,41,3.47,PG,1596259507
Nuevitas,21.55,-77.26,77.0,100,100,1.12,CU,1596259507
Northam,51.03,-4.22,61.0,96,11,5.01,GB,1596259507
‘Āhuimanu,21.44,-157.84,80.6,61,20,10.29,US,1596259508
Marsh Harbour,26.54,-77.06,80.35,71,100,35.81,BS,1596259508
Paamiut,61.99,-49.67,44.89,92,100,5.68,GL,1596259508
Kuching,1.55,110.33,89.6,62,40,9.17,MY,1596259508
Kimbe,-5.55,150.14,85.28,59,100,10.71,PG,1596259508
Taksimo,56.34,114.88,65.79,82,99,2.57,RU,1596259509
Preobrazheniye,42.9,133.91,74.19,77,90,6.49,RU,1596259509
Ous,60.91,61.52,65.73,69,56,7.09,RU,1596259509
Kastraki,39.72,21.62,69.01,62,5,4.74,GR,1596259509
Umba,66.69,34.34,54.19,78,100,6.98,RU,1596259510
Auki,-8.77,160.7,82.99,78,90,5.01,SB,1596259510
Fort Nelson,58.81,-122.7,80.6,44,20,5.82,CA,1596259212
Alta Floresta,-9.88,-56.09,68.0,42,0,4.47,BR,1596259432
Farah,32.5,62.5,85.21,18,0,9.86,AF,1596259511
Buchanan,5.88,-10.05,75.2,94,75,9.08,LR,1596259511
Sawākin,19.11,37.33,89.4,57,69,14.61,SD,1596259511
Najrān,17.49,44.13,82.4,54,20,13.87,SA,1596259511
Boyolangu,-8.12,111.89,81.01,63,36,10.8,ID,1596259512
Show Low,34.25,-110.03,75.2,23,1,9.17,US,1596259512
Rafsanjān,30.41,55.99,82.33,23,1,3.65,IR,1596259512
Port Blair,11.67,92.75,81.34,84,100,19.84,IN,1596259253
Mandalgovi,45.76,106.27,67.24,46,88,18.01,MN,1596259513
Āgaro,7.85,36.65,61.39,89,100,0.51,ET,1596259513
Havre-St-Pierre,50.23,-63.6,59.0,93,90,5.82,CA,1596259513
Hoi An,15.88,108.33,87.8,66,75,1.12,VN,1596259513
Khani,41.96,42.96,77.0,69,40,2.24,GE,1596259514
Khāsh,28.22,61.22,88.09,19,0,6.31,IR,1596259514
Priyutnoye,46.1,43.51,77.0,47,0,7.0,RU,1596259514
San Mateo del Mar,16.2,-95.0,84.51,71,8,19.84,MX,1596259514
Mabaruma,8.2,-59.78,73.13,99,25,2.53,GY,1596259515
Evensk,61.95,159.23,65.41,46,50,16.31,RU,1596259515
Cartagena,10.4,-75.51,80.62,87,53,8.84,CO,1596259515
Tilichiki,60.47,166.1,57.54,78,86,0.89,RU,1596259515
Bahía Honda,22.9,-83.16,79.92,83,0,10.2,CU,1596259516
Nouadhibou,20.93,-17.03,77.0,78,73,12.75,MR,1596259516
Moyale,3.52,39.06,64.0,80,96,13.38,KE,1596259516
Rāwah,34.48,41.91,86.29,36,0,16.71,IQ,1596259517
Yei,4.09,30.68,67.71,91,42,1.59,SS,1596259517
Zyryanovsk,49.74,84.27,71.44,49,0,3.49,KZ,1596259517
Manicoré,-5.81,-61.3,71.6,94,0,2.04,BR,1596259517
Vila Velha,-20.33,-40.29,64.4,100,75,3.36,BR,1596259337
Takoradze,4.88,-1.76,74.44,85,67,8.61,GH,1596259464
Nha Trang,12.25,109.18,89.6,70,40,16.11,VN,1596259518
Bentong,3.52,101.91,89.6,62,20,8.05,MY,1596259518
Lerwick,60.15,-1.15,55.4,100,100,10.29,GB,1596259518
Huarmey,-10.07,-78.15,60.13,87,36,4.09,PE,1596259519
Mulchén,-37.72,-72.23,46.99,80,100,3.96,CL,1596259519
Perth,-31.93,115.83,64.99,55,75,3.36,AU,1596259509
Olafsvik,64.89,-23.71,50.45,87,93,13.69,IS,1596259519
Russell,32.35,-85.2,82.4,88,75,3.36,US,1596259519
Waingapu,-9.66,120.26,82.69,50,2,14.74,ID,1596259520
Llanes,43.42,-4.75,71.01,73,68,4.76,ES,1596259520
Zambezi,-13.54,23.1,55.38,54,2,7.87,ZM,1596259520
Lake Shasta,40.68,-122.37,79.0,22,28,3.42,US,1596259520
Shache,38.42,77.24,89.06,13,100,7.27,CN,1596259521
Margate,51.38,1.39,66.0,89,98,1.01,GB,1596259521
Bosaso,11.28,49.18,91.4,55,20,26.4,SO,1596259521
Toamasina,-18.17,49.38,68.0,1,75,10.29,MG,1596259521
Altamont,42.21,-121.74,70.0,45,1,8.05,US,1596259522
Basco,20.45,121.97,84.6,79,100,10.96,PH,1596259522
Konya Province,38.17,32.5,77.0,41,0,11.41,TR,1596259522
Kondinskoye,59.65,67.41,71.47,71,86,7.78,RU,1596259522
Olinda,-8.01,-34.86,77.0,83,75,8.05,BR,1596259523
Katherine,-14.47,132.27,86.0,19,8,12.75,AU,1596259524
Lima,-12.04,-77.03,59.0,82,90,6.93,PE,1596259524
Tessalit,20.2,1.01,91.69,16,0,11.7,ML,1596259524
Deniliquin,-35.53,144.97,59.0,58,22,1.01,AU,1596259524
San Quintín,30.48,-115.95,71.02,70,0,4.63,MX,1596259525
Mount Gambier,-37.83,140.77,66.2,42,0,14.99,AU,1596259525
San Andrés,12.58,-81.7,82.4,83,40,2.24,CO,1596259525
Eyemouth,55.87,-2.09,59.0,87,58,14.34,GB,1596259525
Mezhdurechensk,53.69,88.06,70.93,50,87,1.5,RU,1596259526
Essex,40.78,-74.22,75.99,83,20,4.7,US,1596259526
Tataouine,32.93,10.45,73.4,60,0,1.12,TN,1596259526
Monrovia,6.3,-10.8,75.2,94,75,11.27,LR,1596259526
Garoowe,8.41,48.48,79.54,55,84,29.24,SO,1596259527
Port Hardy,50.7,-127.42,68.0,60,75,11.41,CA,1596259527
Buala,-8.14,159.59,84.65,66,97,3.96,SB,1596259527
Nador,35.17,-2.93,77.0,94,48,1.12,MA,1596259527
Jönköping,57.78,14.16,48.2,100,1,1.12,SE,1596259527
Panguipulli,-39.63,-72.33,50.0,76,100,6.93,CL,1596259528
Chippewa Falls,44.94,-91.39,64.99,88,1,1.57,US,1596259273
Buin,-33.73,-70.75,55.0,87,100,0.74,CL,1596259528
Aksu,41.12,80.26,90.12,12,58,6.15,CN,1596259528
North Vernon,39.01,-85.62,69.01,93,100,7.29,US,1596259528
Harper,4.38,-7.72,74.91,86,100,10.31,LR,1596259529
Lac du Bonnet,50.25,-96.06,63.0,99,29,5.01,CA,1596259529
St. George's,12.06,-61.75,80.6,83,20,5.82,GD,1596259529
Genhe,50.78,121.52,78.48,52,93,5.99,CN,1596259529
Banda Aceh,5.56,95.32,86.67,61,100,15.79,ID,1596259272
Parabel',58.7,81.48,66.76,60,44,8.93,RU,1596259530
Ormara,25.21,64.64,84.99,79,82,9.4,PK,1596259530
Cabadiangan,9.75,122.47,84.04,69,100,4.94,PH,1596259530
Chilliwack,49.17,-121.94,66.2,68,75,5.82,CA,1596259531
Fuerte Olimpo,-21.04,-57.87,68.97,56,22,3.76,PY,1596259444
Kadoma,34.73,135.58,91.4,52,75,3.36,JP,1596259531
Morón,-34.65,-58.62,52.0,93,49,2.24,AR,1596259454
Sur,22.57,59.53,90.61,58,79,7.14,OM,1596259531
Mangawān,24.68,81.55,93.09,50,49,6.46,IN,1596259532
Elko,41.0,-115.5,80.01,18,1,7.25,US,1596259532
San Felipe,10.34,-68.74,72.79,82,70,4.52,VE,1596259532
São José da Coroa Grande,-8.9,-35.15,74.21,85,33,10.45,BR,1596259532
Rio Rancho,35.23,-106.66,70.0,56,89,3.0,US,1596259532
